Apple 아이폰 13 256GB [자급제],"1,130,000원",https://cr.shopping.naver.com/adcr.nhn?x=FRorCRT%2B9JwAGQv0%2FE8t4P%2F%2F%2Fw%3D%3Ds%2BLpkh%2F4XMZtvQAK%2FdOVeYQ1jA3w6Gfi0ALjFClBNF71WQE1WikGGRjsm7ORTamZ76GoWg8IDn9n5ijizzb7QlHxlc4%2B7q8TGh%2BvvPhdjNmE0BaOOAL8VrCemzObnzzLIWsBfiavx%2BGsMl2a%2Bqd%2FxNEPg%2F6PYJW9LpCSumzPJoiiI9aZyW4hhCgmcrsQhWGWG%2FjBmTqA4xW4sMIcltjwt3PKAXVfyDB1yTbVYYpYzcFnUHxlEatbmVq7jmztE%2FywsEH%2BMegNHLqRC8Ord14nuIjpV3u7D%2FBe29t5k6l0iKO7Bz7%2BORHa%2BX777%2F5U82WuFC%2FxTO6%2BWrwoyqhQMm7nxdzX00KnnykvRnwDYLUh1r8L1QQzCLreNp8sjPDBjStixlfxinuJIcXbelONAuMrnG7Yf%2BbLIOSDCVS9MgZI%2BYDNFiBdPxTSuvYOb67FAYBAGCXV2B8r6mc9GdpPVxGCf8Ue%2Beig2o%2Btg3G0msNFep4byNHyBUXwWVD2ki0TxnNzybhH9wEAloUwKKpNfU%2FlKrDQ7QQdsHEhVv5v9PSzkU2SOv%2B%2BG7P8zZs54SDuTec41z2C%2BTuuxns6urNA6zuhbLX9t61OSJipP%2B04Yhv4AEu9oaKZHilHbuauHUigNM5KA&nvMid=29029192591&catId=50001519
Apple 아이폰 13 프로 256GB [자급제],"1,394,770원",https://cr.shopping.naver.com/adcr.nhn?x=PjnFGVM2JOxTVQbNcsHM9P%2F%2F%2Fw%3D%3Ds9%2FDjyVlti%2BUoYdt80%2FdAE3IN0Ejz7F3D6m4OnECupTEbsBKbbjTB%2BBCjsLv6tz%2BjhmzFq1yjzqyeZf1Q3jGv38Jbb0X%2BGYCsljjpXxsESUOhP3UidTRA1PkYl0S2pQWP0MUlx9wWvaMUQdfkxyncrkgAn8lD2%2BxrgblrBqYwPdWug%2B9sjA7rHdeMLkY%2BwIMUBoJ3D2%2FUDVKv9Br5lu%2FNPDQZD6UDT51Dg8nNb9lI8fV%2BFLPJmN7kd5F0maTGsL0cfXkHKZseN46YvI2dSIiDwBZVbbAf1P5lG%2BQWyAsbMFk%2Fa18qhDQ1A%2FKJp3fgBDor391W%2FC1w5SVs2sYtTdFSeiJmUwp3DGMqPUSbWY3NNYgVjQCpIk5kx4sJW2hrRfnKYYyQomAOCRwvaXv4BU13v9NWPGE1%2BN7%2BTgH1A8GupQyZzZyDfGo1SQoYRvXGDzWdJDnYvpfz%2Bh%2BZ6wVz3KJUXpoSJ4YK%2FhmXub29GG%2B9WM4PVL%2B%2Frl5PLPXtI0kaP8PkmKdeEMdUbtmzDI4Aa7HQcejZf8oD8KnMe3ZW%2FahKOrmvbhBsv1YAn4LXpSvbPhvRj%2FaM5nVf1rOXk0fVU4woW66Od8TVbqB%2BI9NI%2FUrgPDUDfkLIyuldBS3f8m8e6nLmzUhNzs2VE%2B%2Bisqs3JAEppg%3D%3D&nvMid=29030492586&catId=50001519
Apple 아이폰 13 프로 128GB [자급제],"1,263,100원",https://cr.shopping.naver.com/adcr.nhn?x=0ZGBiKI83uN0nlbdhaWEcP%2F%2F%2Fw%3D%3Ds8lv6lA5muF34y%2F5klRKrZfN6fWCsyvyUANuNMxJcPHsbsBKbbjTB%2BBCjsLv6tz%2BjHLAa%2FWjRxJlzO7LkVSLgIzUp6po3EdvaB1s2RRo1yHmhP3UidTRA1PkYl0S2pQWP0MUlx9wWvaMUQdfkxyncrkgAn8lD2%2BxrgblrBqYwPdWug%2B9sjA7rHdeMLkY%2BwIMU07oJ3o0uS6qCsqzVDCUSCzQZD6UDT51Dg8nNb9lI8fV%2BFLPJmN7kd5F0maTGsL0cfXkHKZseN46YvI2dSIiDwBZVbbAf1P5lG%2BQWyAsbMFk%2Fa18qhDQ1A%2FKJp3fgBDor391W%2FC1w5SVs2sYtTdFSeh1zAoaofs0KuhfFFf%2B2NZsVjQCpIk5kx4sJW2hrRfnKYYyQomAOCRwvaXv4BU13vxZCMZEaRWmpjeUjAQujE%2FSZzZyDfGo1SQoYRvXGDzWdJDnYvpfz%2Bh%2BZ6wVz3KJUXov5TurvHzcmsFW4yXHzYi0PVL%2B%2Frl5PLPXtI0kaP8PkmKdeEMdUbtmzDI4Aa7HQcdSxxJWA%2FjS3fXgbeCkvJ%2FI9mhZeZh6EtDZ0vFbdEzJO%2Fqy4FAfVXrxVJ0%2FiEW4NWAzBnY3gVTWwwCzzFbiGpQ4DfkLIyuldBS3f8m8e6nLmzUhNzs2VE%2B%2Bisqs3JAEppg%3D%3D&nvMid=29030420587&catId=50001519
Apple 아이폰 13 미니 128GB [자급제],"921,500원",https://cr.shopping.naver.com/adcr.nhn?x=acmHbPg6QWcDEgrLxjCP5v%2F%2F%2Fw%3D%3DsDolMXdNWF8jsmT2Q9ioDUNeRER6N3X5wiRptIyGSyb1hJz9H0Ub4KLvuVTVtNMxMWESjPkljX8HnivSj6knicYBFeaXvpBPYVsV18L3NyGhkfQrWkZ4Imf2U1hZMkxkT2pVgEgD3CcG7GJ%2BgRaqHz8i30QtKP1mA7BYZPpxeJLexWvZfe2todmJfmpbNrXnq2drsUEzev9hA0cDt%2BuxFM7ix7jXt7MNVc9AIu4EfDZlNEwRr%2B3STfYHGn%2FB5b3e4FqqZW4YjC7h9W947HTbeRAC8AIgonGMbjbXgoYtNZ3Br6kdrp7BvT8OlwZ7P37YyZp%2FuhVWf5tMOyu5R2EADu66Ax39crnxwT%2F4JC7tWY7HUQvs8GHq%2Bj7OvUNvyviyxS6nKoqtur6iGShqz9U6FbvUQcCC5f%2Bb7s2cdgPAXB0cEdLuJh13gFOuABI1Cabywr1zQ3TaGfkdsxOv%2Bp53WSm%2BxLbYFZPvhaF%2Blk8YdfMPPU6pntGCurhu%2FV8uonTYh5X6MB3JdbnBohOi8QY2msuak%2B9oqDwToJp3HvA40F4ehYZ%2FhI%2FkN84je6k%2F%2BbfyXwK5IvvuXBQyBDZOK%2BIQIt%2Bkepb5eoeHIQBo8Xsqz%2FCzHICEQpPL7Rm%2B2fyhjEhHR&nvMid=29030650586&catId=50001519
Apple 아이폰 13 128GB [자급제],"1,042,550원",https://cr.shopping.naver.com/adcr.nhn?x=bDnD397YDDMnWcpzQBvxhP%2F%2F%2Fw%3D%3DsaSgxIYJde%2BqL1wmrO7Aa35vLCZE3FkYburAoZafSjmtWQE1WikGGRjsm7ORTamZ7xC5bTlvzF96adSdRzxK4pnxlc4%2B7q8TGh%2BvvPhdjNmE0BaOOAL8VrCemzObnzzLIWsBfiavx%2BGsMl2a%2Bqd%2FxNEPg%2F6PYJW9LpCSumzPJoiiI9aZyW4hhCgmcrsQhWGWG7TgBVo8UmYdzXRq3xjDWuvKAXVfyDB1yTbVYYpYzcFnUHxlEatbmVq7jmztE%2FywsEH%2BMegNHLqRC8Ord14nuIjpV3u7D%2FBe29t5k6l0iKO7Bz7%2BORHa%2BX777%2F5U82WuFRadCrSqF5TNWknEXFILqlGNvC9Yjp1FdcHGYm18YDOv1QQzCLreNp8sjPDBjStixjQaGLcMmduX4DYWfbsi2VFoO%2FDp4mLijeM28ltrw%2FnJFiBdPxTSuvYOb67FAYBAGicyoxpgWhb%2FJFrbN3vpwU3GwXssWiUWB5AWWes%2FwlZHyNHyBUXwWVD2ki0TxnNzyJtmHLiUwOdsFEOplcPeQDy%2FSFF0bv9N8V%2BqBpuWeJaCOv%2B%2BG7P8zZs54SDuTec41AXJQv8%2B9yvvSw%2ByjXjnOTPRRs2Tl2LVXyNQxua0eKL8GruH08DlKshetxY8KUEZb&nvMid=29030374587&catId=50001519
Apple 아이폰 13 미니 256GB [자급제],"1,046,290원",https://cr.shopping.naver.com/adcr.nhn?x=Rd1I9Ft%2FQh5VUTM6T6%2FeEv%2F%2F%2Fw%3D%3DsF8kqR3TBv4LmmV01sTgO%2BGw%2FCaQfhGU2Cf24fqjXeWcbsBKbbjTB%2BBCjsLv6tz%2BjCwSaNvpRW4etsaEF4VgJ%2F1YuINaTkK9MCf0XR4vdCOqhP3UidTRA1PkYl0S2pQWP0MUlx9wWvaMUQdfkxyncrkgAn8lD2%2BxrgblrBqYwPdWug%2B9sjA7rHdeMLkY%2BwIMUdRFHqaZwu7z86DCBOMgIITQZD6UDT51Dg8nNb9lI8fV%2BFLPJmN7kd5F0maTGsL0cfXkHKZseN46YvI2dSIiDwBZVbbAf1P5lG%2BQWyAsbMFk%2Fa18qhDQ1A%2FKJp3fgBDor391W%2FC1w5SVs2sYtTdFSekQUEXoCAjia0TmmqiZlqGwVjQCpIk5kx4sJW2hrRfnKYYyQomAOCRwvaXv4BU13v79SpiWZgVZrSLH1%2F4YFcxuZzZyDfGo1SQoYRvXGDzWdJDnYvpfz%2Bh%2BZ6wVz3KJUXgQXDLsZddoOLNIdsD1Pd7oPVL%2B%2Frl5PLPXtI0kaP8PkmKdeEMdUbtmzDI4Aa7HQca7CwpL4jK4MBJIECDGD1H11M6%2B%2BrLGdtgUQdDm5rHIBsgMnDFtmjbz2PmLh9BvAeZxfMdllVjzYY1JhyqpEie8DfkLIyuldBS3f8m8e6nLmzUhNzs2VE%2B%2Bisqs3JAEppg%3D%3D&nvMid=29030437590&catId=50001519
Apple 아이폰 13 프로 맥스 256GB [자급제],"1,555,690원",https://cr.shopping.naver.com/adcr.nhn?x=izVKOB6P2Pm7dIKIVVOQEv%2F%2F%2Fw%3D%3DsjYVHBystSbrbivfIUgOrMVQ061PqVkPit1GP3HoWssJhJz9H0Ub4KLvuVTVtNMxMQAz9fO243yr%2FaIebPjaYL4BFeaXvpBPYVsV18L3NyGhkfQrWkZ4Imf2U1hZMkxkT2pVgEgD3CcG7GJ%2BgRaqHz8i30QtKP1mA7BYZPpxeJLexWvZfe2todmJfmpbNrXnqiTiHgV17tngZX6ODLdebGbix7jXt7MNVc9AIu4EfDZlNEwRr%2B3STfYHGn%2FB5b3e4FqqZW4YjC7h9W947HTbeRAC8AIgonGMbjbXgoYtNZ3Br6kdrp7BvT8OlwZ7P37YyZp%2FuhVWf5tMOyu5R2EADu0B7zzTXxLJlzqG7IJH0At%2FUQvs8GHq%2Bj7OvUNvyviyxS6nKoqtur6iGShqz9U6FbjKf%2Fkn2s2wvwRlCvF4LRzAEdLuJh13gFOuABI1Cabywr1zQ3TaGfkdsxOv%2Bp53WSmn2a%2BVfQD8FsYi0Ypk%2BtxF6jvySWdAuqdDBn5xzOS4Io64ifB9DVeZ8ffla9GlFdr7zOWRTxD89q9Hz5pZzOXXTt7GekrfAF8a2v6axxkldEs8cFUTVf2EXpmSuc9bAhCy2xjjzvPcdoD9%2Br3Q2G%2FqXPfLkMxHc5Th%2BcFMW%2FMiAQdAiJdwXirBRdnaxfvrBbw%3D%3D&nvMid=29030294588&catId=50001519
Apple 아이폰 13 프로 512GB [자급제],"1,648,700원",https://cr.shopping.naver.com/adcr.nhn?x=T%2FGQbG084fqO8l564G%2F52f%2F%2F%2Fw%3D%3DsxJm3sf6V%2B44V1k94DE86nP2682f3Nnf56K2lTQseaFQbsBKbbjTB%2BBCjsLv6tz%2BjE25zXJm8aQqP0EUDkPEpV3XcpBofXfjvrfjUtrhGkHihP3UidTRA1PkYl0S2pQWP0MUlx9wWvaMUQdfkxyncrkgAn8lD2%2BxrgblrBqYwPdWug%2B9sjA7rHdeMLkY%2BwIMU%2F7r9owRKQwA1obAu19o%2FvDQZD6UDT51Dg8nNb9lI8fV%2BFLPJmN7kd5F0maTGsL0cfXkHKZseN46YvI2dSIiDwBZVbbAf1P5lG%2BQWyAsbMFk%2Fa18qhDQ1A%2FKJp3fgBDor391W%2FC1w5SVs2sYtTdFSeniO3lX7ecYfwt6%2BY1Sne1EVjQCpIk5kx4sJW2hrRfnKYYyQomAOCRwvaXv4BU13v7EMwTHm5eiJ4g0OYfZMqUSZzZyDfGo1SQoYRvXGDzWdJDnYvpfz%2Bh%2BZ6wVz3KJUXqhFrFbN1IsTjyodAHuMEs4PVL%2B%2Frl5PLPXtI0kaP8PkmKdeEMdUbtmzDI4Aa7HQccvBDugqq4OOboKxdHQtsptoCrPIcHSVXzxZqyTbjHXdq08yIC9q9DVWOYDTyVwfXDuXr0fulz20tYiI2gZIbPxXc50eBITwugSNPH3Ok09sVpGw61BSdoQRvEGgfFlc5w%3D%3D&nvMid=29030416587&catId=50001519
Apple 아이폰 13 프로 맥스 128GB [자급제],"1,455,000원",https://cr.shopping.naver.com/adcr.nhn?x=DUR09abkOH2yuIkGqvXjkP%2F%2F%2Fw%3D%3DsEL%2BK%2BXKuhwSAKoDJQPegNZvPbNDKQy49GVsjLByuHDpWQE1WikGGRjsm7ORTamZ7IDZLtoil3%2BYcmXntlUAHcHxlc4%2B7q8TGh%2BvvPhdjNmE0BaOOAL8VrCemzObnzzLIWsBfiavx%2BGsMl2a%2Bqd%2FxNEPg%2F6PYJW9LpCSumzPJoiiI9aZyW4hhCgmcrsQhWGWGhHspihOVp8HjBCkc%2F5FPbvKAXVfyDB1yTbVYYpYzcFnUHxlEatbmVq7jmztE%2FywsEH%2BMegNHLqRC8Ord14nuIjpV3u7D%2FBe29t5k6l0iKO7Bz7%2BORHa%2BX777%2F5U82WuFXJhhkHj4n26jjuNUn2CpYn4AHqYMhf4qFlM2pWQAa9D1QQzCLreNp8sjPDBjStixjQaGLcMmduX4DYWfbsi2VEuOqndcNhlSmkVsiQch3nVFiBdPxTSuvYOb67FAYBAGpxy2zgNMJa1at1GSrSd0QN4u9dXHHCExaTB3By%2FzhJgN%2FOXq06xFLlMCwNDQObjPLcqEhOiscytOptfh0D9%2BAgjRAlcPdTeBYEzTcAf5UDWUKNguv73%2F9PAoZO53aBgDv4YGjJCSIW1IvBxXT1wG95u%2BjpCpCbJbrcriDuU5kzBvU2Y6hEEwGxc1AZfON9sL4VRAH%2BsMDObarUodGweR8Q%3D%3D&nvMid=29030367587&catId=50001519
Apple 아이폰 13 프로 맥스 512GB [자급제],"1,805,000원",https://cr.shopping.naver.com/adcr.nhn?x=ICu%2BOB9VhLi9n6t34z%2FJrv%2F%2F%2Fw%3D%3DsVDWa6172zm%2BEK%2BHLE19vHCrl%2Bj5q2ACwx8MYynIn4c9hJz9H0Ub4KLvuVTVtNMxMCdTQYej1Q82pNNItRai0QIBFeaXvpBPYVsV18L3NyGhkfQrWkZ4Imf2U1hZMkxkT2pVgEgD3CcG7GJ%2BgRaqHz8i30QtKP1mA7BYZPpxeJLexWvZfe2todmJfmpbNrXnqmD3tRrdK1cFWEMxpF2wcAbix7jXt7MNVc9AIu4EfDZlNEwRr%2B3STfYHGn%2FB5b3e4FqqZW4YjC7h9W947HTbeRAC8AIgonGMbjbXgoYtNZ3Br6kdrp7BvT8OlwZ7P37YyZp%2FuhVWf5tMOyu5R2EADuzyV11XZ6v6OFvNFTXEqEn3UQvs8GHq%2Bj7OvUNvyviyxS6nKoqtur6iGShqz9U6FbmX3EJ5ke9Ts2wyqqCoZInIEdLuJh13gFOuABI1Cabywr1zQ3TaGfkdsxOv%2Bp53WSsJAdVJBQjLvH97jzqUKE8gJ6z4tlOGyZW9YfP2%2B8HiIo64ifB9DVeZ8ffla9GlFdvOw2kXrwLnRLwg0WtAWR1g1i5rgtUQx3P2754Y81G7NEs8cFUTVf2EXpmSuc9bAhOimxjurg4PzTCdxjZ5%2B3umj3GdkePkuZGinZqMvqd6tHRyPBWbUFRhWScTsgQynPg%3D%3D&nvMid=29029192586&catId=50001519
Apple 아이폰 13 미니 512GB [자급제],"1,289,000원",https://cr.shopping.naver.com/adcr.nhn?x=BDNg%2Bf8i8WVAsQb6uHaaQf%2F%2F%2Fw%3D%3DsqN0yIvF%2FGaqgu7SdYCWcwqMQMxK7lfhq4UybHUry2FAbsBKbbjTB%2BBCjsLv6tz%2Bje1hPSyhmwU6xyZH7jEZeSPVUkFsHyu%2B227UGvjXwSmOhP3UidTRA1PkYl0S2pQWP0MUlx9wWvaMUQdfkxyncrkgAn8lD2%2BxrgblrBqYwPdWug%2B9sjA7rHdeMLkY%2BwIMUq27XJlSixqK%2BeCw1YH8CQTQZD6UDT51Dg8nNb9lI8fV%2BFLPJmN7kd5F0maTGsL0cfXkHKZseN46YvI2dSIiDwBZVbbAf1P5lG%2BQWyAsbMFk%2Fa18qhDQ1A%2FKJp3fgBDor391W%2FC1w5SVs2sYtTdFSetjk%2FkZTHPp0UyteWljG48kVjQCpIk5kx4sJW2hrRfnKYYyQomAOCRwvaXv4BU13vzRS%2FZccBEWDZQCV%2Fm86gXyZzZyDfGo1SQoYRvXGDzWdJDnYvpfz%2Bh%2BZ6wVz3KJUXmUbYPV0N%2BSR2v48tmtAQjMPVL%2B%2Frl5PLPXtI0kaP8PkmKdeEMdUbtmzDI4Aa7HQcXhGaUF5ZHGd4eFXXJXG72cn7269NHjquGZ3SnNEGbicezdPirNIEhU3YcDKwV2g5FKZjaihlyhGFl%2BxLynEgpZvU2Y6hEEwGxc1AZfON9sL4VRAH%2BsMDObarUodGweR8Q%3D%3D&nvMid=29030296587&catId=50001519
Apple 아이폰 13 프로 맥스 1TB [자급제],"2,070,320원",https://cr.shopping.naver.com/adcr.nhn?x=ra%2FZF1OsRktFJQKwh%2BmesP%2F%2F%2Fw%3D%3DsCt0pxNOeRC6pdoq763OepguX6oWQiFTlb7IMI3kmq0RWQE1WikGGRjsm7ORTamZ7IrdoCuGlUNMH4cRM4ZdE%2BHxlc4%2B7q8TGh%2BvvPhdjNmE0BaOOAL8VrCemzObnzzLIWsBfiavx%2BGsMl2a%2Bqd%2FxNEPg%2F6PYJW9LpCSumzPJoiiI9aZyW4hhCgmcrsQhWGWGqB%2BYf8KVu5Lizs8e93TFS%2FKAXVfyDB1yTbVYYpYzcFnUHxlEatbmVq7jmztE%2FywsEH%2BMegNHLqRC8Ord14nuIjpV3u7D%2FBe29t5k6l0iKO7Bz7%2BORHa%2BX777%2F5U82WuF%2B5xnMRSdetzyvgE0czU0DT%2FaVgPLTBvPYU0fMEe1uk31QQzCLreNp8sjPDBjStixlfxinuJIcXbelONAuMrnG%2FIAoizsYO1d%2BlRONyZaGwpFiBdPxTSuvYOb67FAYBAGpxy2zgNMJa1at1GSrSd0QE%2Fd8fyX9mvA9gmQbAmJrnV1I8EDCh5n2RBrPUf%2BYM4BX8a%2FHvPOPEuDd1Ce%2FzZYNbMRUjFUns1jqzbBcQhTMbMkKJjp%2BJRwb0CZY4fOR6Fm14pTEpxhJPPzspURjBnEFgKqd2f6g5nmOaFn0A2uQjUDfkLIyuldBS3f8m8e6nLmzUhNzs2VE%2B%2Bisqs3JAEppg%3D%3D&nvMid=29029192590&catId=50001519
Apple 아이폰 13 프로 128GB [LG U+],"630,000원",https://cr.shopping.naver.com/adcr.nhn?x=b0HR43MEzlHkkyJhOhuOvv%2F%2F%2Fw%3D%3DsL0oE%2BxN7G%2Byb2v6gII4XL7H6wNvK8xjiE%2BQHjO%2Bidj9hJz9H0Ub4KLvuVTVtNMxM3ukrQ%2Byd%2BOuq1qIufLk6n4BFeaXvpBPYVsV18L3NyGhkfQrWkZ4Imf2U1hZMkxkT2pVgEgD3CcG7GJ%2BgRaqHz8i30QtKP1mA7BYZPpxeJLexWvZfe2todmJfmpbNrXnqg7gKiQG8MTIItSW%2BDJaVQrix7jXt7MNVc9AIu4EfDZlNEwRr%2B3STfYHGn%2FB5b3e4FqqZW4YjC7h9W947HTbeRAC8AIgonGMbjbXgoYtNZ3Br6kdrp7BvT8OlwZ7P37YyZp%2FuhVWf5tMOyu5R2EADu2yRrnTyA5DuTT%2BAiPqWiQfUQvs8GHq%2Bj7OvUNvyviyxeoI3z%2BL14z9v%2Fx%2BL9Zw%2FKrR9FKy8z7W2%2BYb%2Fp77jVkcEdLuJh13gFOuABI1Cabywr1zQ3TaGfkdsxOv%2Bp53WSh1x3ZHEX3cnenvBUrcEg5P5YbLlxragaaIQX6kJDBj8D6QkZjCZcMNTR4jeTmX45Y77etqaF4DDqWGt4f4%2FiSkNauEcRynSn%2F8orOK7nc90IgQw20cqgwNmRStLA3Ji%2BZY4FdY0K4t0iuq%2Bursctu7LVWGr8fvvH1mWvUgXPK6j&nvMid=29030175590&catId=50000248
Apple 아이폰 13 프로 1TB [자급제],"1,902,630원",https://cr.shopping.naver.com/adcr.nhn?x=PTmGR0aWNtXiyYM1BB3axf%2F%2F%2Fw%3D%3DsHyu%2FTQqhjJhhNi9LzXf2%2BOFspVPYqX0t88YZymX8XhRhJz9H0Ub4KLvuVTVtNMxM0KiqG2IqYZB3HBXM7bzY%2B4BFeaXvpBPYVsV18L3NyGhkfQrWkZ4Imf2U1hZMkxkT2pVgEgD3CcG7GJ%2BgRaqHz8i30QtKP1mA7BYZPpxeJLexWvZfe2todmJfmpbNrXnqM3WLqq0EN7lRPuVNhhc%2BTLix7jXt7MNVc9AIu4EfDZlNEwRr%2B3STfYHGn%2FB5b3e4FqqZW4YjC7h9W947HTbeRAC8AIgonGMbjbXgoYtNZ3Br6kdrp7BvT8OlwZ7P37YyZp%2FuhVWf5tMOyu5R2EADu70UN2EEqdzUthGOWsQ8AUTUQvs8GHq%2Bj7OvUNvyviyxS6nKoqtur6iGShqz9U6FbgzuREuBKDA9JWgcvGjgu1YEdLuJh13gFOuABI1Cabywr1zQ3TaGfkdsxOv%2Bp53WSgW1dOuSq%2FB0zr0ktzqvDtr1JtnyFV8OD7Bngtl8x0Qvfm8I4%2BLwqxkEirhSi8uz%2FAOne5Wfj5o1aV5ToYPfAx%2FvW2q1ZBpuV%2F%2FvtKUgTGHnIpkhoTTJuBxE%2FavTp2UFVYkO%2Bw0viWB032a3xMqTO5HHICEQpPL7Rm%2B2fyhjEhHR&nvMid=29029192588&catId=50001519
Apple 아이폰 13 512GB [자급제],"1,329,000원",https://cr.shopping.naver.com/adcr.nhn?x=Uu4yaTrMQMrFYSifW4KELv%2F%2F%2Fw%3D%3DsiZ2mhTY%2F3ttLREodQ%2FJ0kR8Laif5FICMESjaw9m6tplhJz9H0Ub4KLvuVTVtNMxMbo4K61xW%2Fz4OBp49hJ8G2YBFeaXvpBPYVsV18L3NyGhkfQrWkZ4Imf2U1hZMkxkT2pVgEgD3CcG7GJ%2BgRaqHz8i30QtKP1mA7BYZPpxeJLexWvZfe2todmJfmpbNrXnqMp%2F9XPfjTZN93E2a1T98erix7jXt7MNVc9AIu4EfDZlNEwRr%2B3STfYHGn%2FB5b3e4FqqZW4YjC7h9W947HTbeRAC8AIgonGMbjbXgoYtNZ3Br6kdrp7BvT8OlwZ7P37YyZp%2FuhVWf5tMOyu5R2EADu3TqoBvPkNae1C8%2FdRZOxm7UQvs8GHq%2Bj7OvUNvyviyxS6nKoqtur6iGShqz9U6FbpJ7V5fUZH4IQE3wQoHsyyUEdLuJh13gFOuABI1Cabywr1zQ3TaGfkdsxOv%2Bp53WStYrmhd6z3mr51lBlAzJFvLL%2FnGINkSYp%2Bd2xAAY7UDnZuR%2BZ455CVM%2FNW%2BY1%2F9iKzUWn2kuTxNbuigtYsN5uEdicchwRNwmJ84TyxvjggzFASNwTkSjcj%2Fd7ptyvvyibGCpabrFgSYACxpNuOuZAngOEsHC78VBLnFZh%2FnDobeN&nvMid=29030496586&catId=50001519
Apple 아이폰 13 미니 256GB [LG U+],"191,000원",https://cr.shopping.naver.com/adcr.nhn?x=1OU7Js6xjFfk%2FGUNMlE7j%2F%2F%2F%2Fw%3D%3Ds2QCNSbjpQ1oDwISZWULkpV%2FnBgSL6mKL6DzN2QH54kwbsBKbbjTB%2BBCjsLv6tz%2BjIC7o9Uc3V%2BPUP7JMcDNJ7HSW%2BPP60f2d91oN06NJp5qhP3UidTRA1PkYl0S2pQWP0MUlx9wWvaMUQdfkxyncrkgAn8lD2%2BxrgblrBqYwPdWug%2B9sjA7rHdeMLkY%2BwIMUH9J2IBuyzX11BjOUDWY3GjQZD6UDT51Dg8nNb9lI8fV%2BFLPJmN7kd5F0maTGsL0cfXkHKZseN46YvI2dSIiDwBZVbbAf1P5lG%2BQWyAsbMFk%2Fa18qhDQ1A%2FKJp3fgBDor391W%2FC1w5SVs2sYtTdFSeg8zRkDKN6XyiJr0mQtq1YgVjQCpIk5kx4sJW2hrRfnKqwZ9aKCnp%2BOD2OzgCp1jz%2FipQBUlUkDfvfJv26TwKpqZzZyDfGo1SQoYRvXGDzWdJDnYvpfz%2Bh%2BZ6wVz3KJUXgQXDLsZddoOLNIdsD1Pd7rpLKfV7lHXkGfYNhWiUOPtINRw1QNF%2FOPJXb5%2B358LYEC9avkJRx1qm5mB3QB6VgTvW2q1ZBpuV%2F%2FvtKUgTGHn%2Fw%2FyppiTU0IU5oKzpufohQEshAtKUjUOF5jGOZ6YskHNjqh%2FZemCCOboDhnweAmG&nvMid=29030376589&catId=50000248
Apple 아이폰 13 미니 128GB [LG U+],"95,440원",https://cr.shopping.naver.com/adcr.nhn?x=ztA00GfR7mALPTHmY3VFZf%2F%2F%2Fw%3D%3DsUJAnzamI5GQUu8tejFRqPqtAz5eq59fbIlmghK4kx7phJz9H0Ub4KLvuVTVtNMxMJbT889MsBs%2By8%2FHPuo9UsoBFeaXvpBPYVsV18L3NyGhkfQrWkZ4Imf2U1hZMkxkT2pVgEgD3CcG7GJ%2BgRaqHz8i30QtKP1mA7BYZPpxeJLexWvZfe2todmJfmpbNrXnq%2BhHtf9UPvVuecHCypfH0H7ix7jXt7MNVc9AIu4EfDZlNEwRr%2B3STfYHGn%2FB5b3e4FqqZW4YjC7h9W947HTbeRAC8AIgonGMbjbXgoYtNZ3Br6kdrp7BvT8OlwZ7P37YyZp%2FuhVWf5tMOyu5R2EADu7rJUvhKMsHifwOp%2FmE0N2vUQvs8GHq%2Bj7OvUNvyviyxeoI3z%2BL14z9v%2Fx%2BL9Zw%2FKjmQgy2ww7XOc5BRxFIVj98EdLuJh13gFOuABI1Cabywr1zQ3TaGfkdsxOv%2Bp53WSsjfwhLOac6Uux%2FFPvarerb5YbLlxragaaIQX6kJDBj8D6QkZjCZcMNTR4jeTmX45T7ud%2FtuNBfpPylVGuKNA5iIDf9TYDOC4LzgCehLsur5v67iBjeRsSkv94fvybMJtEzUrD4RgHz1%2FerSSOG4wQAOEsHC78VBLnFZh%2FnDobeN&nvMid=29030431586&catId=50000248
Apple 아이폰 13 프로 256GB [LG U+],"887,990원",https://cr.shopping.naver.com/adcr.nhn?x=CIssQ7j9Q83%2By7XqXCwA6v%2F%2F%2Fw%3D%3DsEpuK5tbF8xuZj9PaLXs%2BK90XqIuRjYHucEOMUdsO7xphJz9H0Ub4KLvuVTVtNMxMJZifUcgP5uqpxBh67A0%2F7YBFeaXvpBPYVsV18L3NyGhkfQrWkZ4Imf2U1hZMkxkT2pVgEgD3CcG7GJ%2BgRaqHz8i30QtKP1mA7BYZPpxeJLexWvZfe2todmJfmpbNrXnqiHryMIa0vOlFa0dwxiKn27ix7jXt7MNVc9AIu4EfDZlNEwRr%2B3STfYHGn%2FB5b3e4FqqZW4YjC7h9W947HTbeRAC8AIgonGMbjbXgoYtNZ3Br6kdrp7BvT8OlwZ7P37YyZp%2FuhVWf5tMOyu5R2EADu9COwKrC8IuPHTWawNk%2BWpzUQvs8GHq%2Bj7OvUNvyviyxeoI3z%2BL14z9v%2Fx%2BL9Zw%2FKkAYb84X6P6evVlwEmIJJLQEdLuJh13gFOuABI1Cabywr1zQ3TaGfkdsxOv%2Bp53WSsISsS%2BCTbLI5Q3DJYN6lKb5YbLlxragaaIQX6kJDBj8D6QkZjCZcMNTR4jeTmX45bVrTVzkexoo0eqUfsvGhfkNauEcRynSn%2F8orOK7nc901MF2IvjnRAUwxnkCe3B8FCosC6TgPSRifTSZIAbSL3rLVWGr8fvvH1mWvUgXPK6j&nvMid=29030415586&catId=50000248
Apple 아이폰 13 128GB [LG U+],"263,500원",https://cr.shopping.naver.com/adcr.nhn?x=fenhKoQ4NbrVUGWmPDPFuf%2F%2F%2Fw%3D%3DsAZyBYQwnWpNHCqZUZUfaFZbBGmAFwLkfPXwtduFGgnFWQE1WikGGRjsm7ORTamZ7m86xnCaj3SEjLQIbxebV6Xxlc4%2B7q8TGh%2BvvPhdjNmE0BaOOAL8VrCemzObnzzLIWsBfiavx%2BGsMl2a%2Bqd%2FxNEPg%2F6PYJW9LpCSumzPJoiiI9aZyW4hhCgmcrsQhWGWGwosKqTnb%2BAqxbJsu%2BamdqfKAXVfyDB1yTbVYYpYzcFnUHxlEatbmVq7jmztE%2FywsEH%2BMegNHLqRC8Ord14nuIjpV3u7D%2FBe29t5k6l0iKO7Bz7%2BORHa%2BX777%2F5U82WuF1DvaRC4XfxfUuYJic2DKbq4gONv8Zy2qMMOf2Lsb5131QQzCLreNp8sjPDBjStixj1OT%2BvUJUOEzwKKBwf%2FstQkGHMdvFyZLkC0CpI%2FWUflFiBdPxTSuvYOb67FAYBAGicyoxpgWhb%2FJFrbN3vpwUz5hL%2F4sdg5HboNlguiWgZhBskTaofqwA6IQD8JZOZb7A323lgGrzVLg8%2F56QtmXdNZcRSgmcHUIkY17F5MRSRk8ZVFp5CRRjL%2Bql1lgPvFwB%2FhpXGZEGVuLYsFMK4spB1aFndIwdNwuWmKtx1HNSCrUkiyUGZ3FpPHvE7X48%2Bhb&nvMid=29030372586&catId=50000248
Apple 아이폰 13 미니 512GB [LG U+],"483,000원",https://cr.shopping.naver.com/adcr.nhn?x=rUyEGI9cLKHqURI4s7parP%2F%2F%2Fw%3D%3DsPQDsaDtetqROo82sEQS1fCELKTDJpb4Fmb2MU1ihGDxhJz9H0Ub4KLvuVTVtNMxMd2N0tNWzBN6eZ%2B9xoTiuFYBFeaXvpBPYVsV18L3NyGhkfQrWkZ4Imf2U1hZMkxkT2pVgEgD3CcG7GJ%2BgRaqHz8i30QtKP1mA7BYZPpxeJLexWvZfe2todmJfmpbNrXnqmNCzWTrruETuuT6FCzP1m7ix7jXt7MNVc9AIu4EfDZlNEwRr%2B3STfYHGn%2FB5b3e4FqqZW4YjC7h9W947HTbeRAC8AIgonGMbjbXgoYtNZ3Br6kdrp7BvT8OlwZ7P37YyZp%2FuhVWf5tMOyu5R2EADu5GnjkwyKY9eX0A3tHutg4fUQvs8GHq%2Bj7OvUNvyviyxeoI3z%2BL14z9v%2Fx%2BL9Zw%2FKr8rTIOVPwRB9QzWGDf2%2BUQEdLuJh13gFOuABI1Cabywr1zQ3TaGfkdsxOv%2Bp53WSjwt7nBOa4olaWN8w934iK35YbLlxragaaIQX6kJDBj8D6QkZjCZcMNTR4jeTmX45RwOTbmAdPS%2F53HpxUooS4wNauEcRynSn%2F8orOK7nc90Jgj669RkppLn9n1l9X44g3IBcm9W18TWCWG4s0OiPIbLVWGr8fvvH1mWvUgXPK6j&nvMid=29030419586&catId=50000248
Apple 아이폰 13 프로 맥스 256GB [LG U+],"1,020,970원",https://cr.shopping.naver.com/adcr.nhn?x=91svlKbDMP%2FxHXI5I%2B1CMf%2F%2F%2Fw%3D%3DsS%2Fl4Cn07xLLlspR9dCbfAWZpOnLDo2NeO1%2FuWSUUTUMbsBKbbjTB%2BBCjsLv6tz%2Bj%2BP7MqLAMOiPDyVoAuETuLEJfNUQPdq7%2FMKs6I0%2B%2B4aShP3UidTRA1PkYl0S2pQWP0MUlx9wWvaMUQdfkxyncrkgAn8lD2%2BxrgblrBqYwPdWug%2B9sjA7rHdeMLkY%2BwIMU0nYCIitiLlu%2FFmiEv68MvzQZD6UDT51Dg8nNb9lI8fV%2BFLPJmN7kd5F0maTGsL0cfXkHKZseN46YvI2dSIiDwBZVbbAf1P5lG%2BQWyAsbMFk%2Fa18qhDQ1A%2FKJp3fgBDor391W%2FC1w5SVs2sYtTdFSeuXs3RCmc5jDxNm3jzDM%2BMoVjQCpIk5kx4sJW2hrRfnKqwZ9aKCnp%2BOD2OzgCp1jz8j3igI9Rgg9aqItglhSlvOZzZyDfGo1SQoYRvXGDzWdJDnYvpfz%2Bh%2BZ6wVz3KJUXsds9B%2BMUzAQtFYI3wiD8caPOOaKZOP4aLPc7Q7Q1LvW8jR8gVF8FlQ9pItE8Zzc8s0zguRDCfzmqzFCjt90kwErtwMe%2FDNSHkJXiB6B4X8Hjr%2Fvhuz%2FM2bOeEg7k3nONaL3br1rE0RHlVqCeZYXRlJtjV4bucBnQiCSbsWZjKmTQdAiJdwXirBRdnaxfvrBbw%3D%3D&nvMid=29030190586&catId=50000248
Apple 아이폰 13 프로 맥스 128GB [LG U+],"888,000원",https://cr.shopping.naver.com/adcr.nhn?x=Lq3AyuCmCTnHzEa6a1THmf%2F%2F%2Fw%3D%3DsHGYED3qsS%2F6Py0Ex061B5FEFMMhoX4MRZBAd6lHbCyphJz9H0Ub4KLvuVTVtNMxM6eDt2F2RcrEsmSLcM7cyRoBFeaXvpBPYVsV18L3NyGhkfQrWkZ4Imf2U1hZMkxkT2pVgEgD3CcG7GJ%2BgRaqHz8i30QtKP1mA7BYZPpxeJLexWvZfe2todmJfmpbNrXnqW6RWFOvR2FN0g9uRh450ELix7jXt7MNVc9AIu4EfDZlNEwRr%2B3STfYHGn%2FB5b3e4FqqZW4YjC7h9W947HTbeRAC8AIgonGMbjbXgoYtNZ3Br6kdrp7BvT8OlwZ7P37YyZp%2FuhVWf5tMOyu5R2EADuzw%2BhfuHLCbmHrc2GTs1oF%2FUQvs8GHq%2Bj7OvUNvyviyxeoI3z%2BL14z9v%2Fx%2BL9Zw%2FKrs34q4Ki7Nctg%2Fi3CwwoH0EdLuJh13gFOuABI1Cabywr1zQ3TaGfkdsxOv%2Bp53WSph2%2B170Lc%2Fh1s0cur%2FyDfmPU2Wu48FXzKTpLeNC9BkySZv9Z3vZVGXYiyeb1%2FD5syMP6cy7WjvldQ0AYk7QvoUoxKe4bsK93b6%2B6yzdXLfWS2%2BxM4c%2FWCbDHWcATFklPYJEESXG305EXl0kumchgHEDfkLIyuldBS3f8m8e6nLmzUhNzs2VE%2B%2Bisqs3JAEppg%3D%3D&nvMid=29030352586&catId=50000248
Apple 아이폰 13 256GB [LG U+],"397,000원",https://cr.shopping.naver.com/adcr.nhn?x=IQ2fdB%2Frn%2F99f%2FIIYtu4sf%2F%2F%2Fw%3D%3Ds%2BFrmWq1%2B%2BsTNAnzPD4nj6cKsDZEzig%2BoVu0MzFQgD2hhJz9H0Ub4KLvuVTVtNMxMTYk282DUUAyjtxWopQIZiYBFeaXvpBPYVsV18L3NyGhkfQrWkZ4Imf2U1hZMkxkT2pVgEgD3CcG7GJ%2BgRaqHz8i30QtKP1mA7BYZPpxeJLexWvZfe2todmJfmpbNrXnqxxsm%2FS7PvYrIy2gc0Hbz67ix7jXt7MNVc9AIu4EfDZlNEwRr%2B3STfYHGn%2FB5b3e4FqqZW4YjC7h9W947HTbeRAC8AIgonGMbjbXgoYtNZ3Br6kdrp7BvT8OlwZ7P37YyZp%2FuhVWf5tMOyu5R2EADuz5f3z0NRv3Zhjgct6heVljUQvs8GHq%2Bj7OvUNvyviyxeoI3z%2BL14z9v%2Fx%2BL9Zw%2FKvY0uZGkTWqdM%2FJDVW%2BgcesEdLuJh13gFOuABI1Cabywr1zQ3TaGfkdsxOv%2Bp53WSg6sGfNCfXGE1vlrcjWE3b%2B7A%2F0vSPti8cHY4o2fastwbv4ZUnDgFIiBsOSab73%2BZ%2BTED%2FMAXMquxfVzXk19Ocu%2FhgaMkJIhbUi8HFdPXAb3KmB2a3j7YZWYF6bqCicA1mO0QScdmj79W4Ike%2ByYeOsNUJgJp6CUXauCvW7Y5AjN&nvMid=29030189588&catId=50000248
Apple 아이폰 13 프로 512GB [LG U+],"1,020,000원",https://cr.shopping.naver.com/adcr.nhn?x=ZFYSVC3v2UyV8ZCRy7s%2B9v%2F%2F%2Fw%3D%3DsZT74D14zqkbNrZyBVX9f08gHVSN6BX05zAcuETeYbRthJz9H0Ub4KLvuVTVtNMxMLToVx%2BWq173qSgV6SA8b14BFeaXvpBPYVsV18L3NyGhkfQrWkZ4Imf2U1hZMkxkT2pVgEgD3CcG7GJ%2BgRaqHz8i30QtKP1mA7BYZPpxeJLexWvZfe2todmJfmpbNrXnqIsGCGgJXjOrApw75v82D8rix7jXt7MNVc9AIu4EfDZlNEwRr%2B3STfYHGn%2FB5b3e4FqqZW4YjC7h9W947HTbeRAC8AIgonGMbjbXgoYtNZ3Br6kdrp7BvT8OlwZ7P37YyZp%2FuhVWf5tMOyu5R2EADu4itlR0ldOkKXchJKXncCObUQvs8GHq%2Bj7OvUNvyviyxeoI3z%2BL14z9v%2Fx%2BL9Zw%2FKgVLeMiVXYeZJHMK4Qy1jbEEdLuJh13gFOuABI1Cabywr1zQ3TaGfkdsxOv%2Bp53WSoxqwZBF0bVSsXUQll%2Baosn5YbLlxragaaIQX6kJDBj8D6QkZjCZcMNTR4jeTmX45U7t3xhgLyKA633nGesryaytqaMHAJkj0DAJXiYJNZCZnekDnZNGRJyFus6YjXMTFGCGoxPkJPthuIkIKPZij91oaKZHilHbuauHUigNM5KA&nvMid=29030295586&catId=50000248
Apple 아이폰 13 512GB [LG U+],"680,000원",https://cr.shopping.naver.com/adcr.nhn?x=RU%2FXuz0aS2228ZUUEfKrGP%2F%2F%2Fw%3D%3Dsp%2FcxygtCsUuQmen7RuxS%2FxeddPDX%2BffhqEiSGmmvRp9hJz9H0Ub4KLvuVTVtNMxM6XtVgVcyGf6KlQy49CmzhIBFeaXvpBPYVsV18L3NyGhkfQrWkZ4Imf2U1hZMkxkT2pVgEgD3CcG7GJ%2BgRaqHz8i30QtKP1mA7BYZPpxeJLexWvZfe2todmJfmpbNrXnqJg934XoEkbAciqCMIan0C7ix7jXt7MNVc9AIu4EfDZlNEwRr%2B3STfYHGn%2FB5b3e4FqqZW4YjC7h9W947HTbeRAC8AIgonGMbjbXgoYtNZ3Br6kdrp7BvT8OlwZ7P37YyZp%2FuhVWf5tMOyu5R2EADu8d%2F7VfZDNenWWpzRZZMm4nUQvs8GHq%2Bj7OvUNvyviyxeoI3z%2BL14z9v%2Fx%2BL9Zw%2FKh5Kuv6bblhK3Y1EVeLIAhkEdLuJh13gFOuABI1Cabywr1zQ3TaGfkdsxOv%2Bp53WSlIW%2BY6dtkO5I2VlccU6I9W7A%2F0vSPti8cHY4o2fastwFnvZOf13%2FHs8QEcH5JFcs7%2B79ZTluCBnT2PzXvN9nP6%2FhgaMkJIhbUi8HFdPXAb3MUgWdVMYYXLwMXIiRP0sj2O0QScdmj79W4Ike%2ByYeOsNUJgJp6CUXauCvW7Y5AjN&nvMid=29030296586&catId=50000248
Apple 아이폰 13 프로 맥스 512GB [LG U+],"1,303,970원",https://cr.shopping.naver.com/adcr.nhn?x=15ESmr7iBdB5gfgevMR5cP%2F%2F%2Fw%3D%3DspSgm67N5h6fo7igQr8ayanpLUEzh6S0CaoBb2MQTAmthJz9H0Ub4KLvuVTVtNMxMxFK%2FmO4wPWv9g0vb6qPInoBFeaXvpBPYVsV18L3NyGhkfQrWkZ4Imf2U1hZMkxkT2pVgEgD3CcG7GJ%2BgRaqHz8i30QtKP1mA7BYZPpxeJLexWvZfe2todmJfmpbNrXnqC8G1K0WqC%2BMx%2Bsb%2BJ3EYX7ix7jXt7MNVc9AIu4EfDZlNEwRr%2B3STfYHGn%2FB5b3e4FqqZW4YjC7h9W947HTbeRAC8AIgonGMbjbXgoYtNZ3Br6kdrp7BvT8OlwZ7P37YyZp%2FuhVWf5tMOyu5R2EADu6r0i8jopfXH13tNbXxrUFXUQvs8GHq%2Bj7OvUNvyviyxeoI3z%2BL14z9v%2Fx%2BL9Zw%2FKl2FIVl8pyY4QZ56Kk3pFgMEdLuJh13gFOuABI1Cabywr1zQ3TaGfkdsxOv%2Bp53WSsJAdVJBQjLvH97jzqUKE8g2jlmQ9NlHBgdsAwMWaovqSZv9Z3vZVGXYiyeb1%2FD5s1J9ITVvpI89BM5YGHtfLIGS0ENVU2O7gr52abvPkx6hj%2FaM5nVf1rOXk0fVU4woW3nKCfn6esFk8MsX4zAPuxRvU2Y6hEEwGxc1AZfON9sL4VRAH%2BsMDObarUodGweR8Q%3D%3D&nvMid=29030181590&catId=50000248
Apple 아이폰 13 프로 맥스 1TB [LG U+],"1,580,170원",https://cr.shopping.naver.com/adcr.nhn?x=2ZMYgVACwjqJvjowOpRDzv%2F%2F%2Fw%3D%3DsXRepXi2gm%2FsfUVWdnDnuB6ob346F4%2FYiDAkI%2FOjnnhphJz9H0Ub4KLvuVTVtNMxMAy7ivR6JHn35IRHWLyNuM4BFeaXvpBPYVsV18L3NyGhkfQrWkZ4Imf2U1hZMkxkT2pVgEgD3CcG7GJ%2BgRaqHz8i30QtKP1mA7BYZPpxeJLexWvZfe2todmJfmpbNrXnqtEOmvpx%2BMqvJh%2Birm3Rmqrix7jXt7MNVc9AIu4EfDZlNEwRr%2B3STfYHGn%2FB5b3e4FqqZW4YjC7h9W947HTbeRAC8AIgonGMbjbXgoYtNZ3Br6kdrp7BvT8OlwZ7P37YyZp%2FuhVWf5tMOyu5R2EADu1PORQSddNwlTD3ayJRpS3XUQvs8GHq%2Bj7OvUNvyviyxeoI3z%2BL14z9v%2Fx%2BL9Zw%2FKh%2Fd9QtHho8fvp2oF46GoXgEdLuJh13gFOuABI1Cabywr1zQ3TaGfkdsxOv%2Bp53WSph2%2B170Lc%2Fh1s0cur%2FyDflCJ%2F0P0zUbWoKtYr5Bg%2B6rV5wvSck0MfgYLl2aZJDmmuuWOPQLaXC2xAZkfxCoj%2FyPUDvoL9ouIqZqM3RF1CsdENhIgRPMYNFcTSqPHgE9TO6%2BR5bZEAG1oSxitPFcCURWhZ3SMHTcLlpircdRzUgq1JIslBmdxaTx7xO1%2BPPoWw%3D%3D&nvMid=29030181587&catId=50000248
Apple 아이폰 13 프로 1TB [LG U+],"1,426,090원",https://cr.shopping.naver.com/adcr.nhn?x=VJKQKCyHeMYiK2msUL7mjf%2F%2F%2Fw%3D%3DsNTIaHl7sAf7Tt%2F8K7%2FQk%2FwhVoHPaSbVTrO0pqawcLhdhJz9H0Ub4KLvuVTVtNMxMkfXsUaek2PRyLsBut1aMrYBFeaXvpBPYVsV18L3NyGhkfQrWkZ4Imf2U1hZMkxkT2pVgEgD3CcG7GJ%2BgRaqHz8i30QtKP1mA7BYZPpxeJLexWvZfe2todmJfmpbNrXnqXjTaYLCBU0RKnrlIKcfhorix7jXt7MNVc9AIu4EfDZlNEwRr%2B3STfYHGn%2FB5b3e4FqqZW4YjC7h9W947HTbeRAC8AIgonGMbjbXgoYtNZ3Br6kdrp7BvT8OlwZ7P37YyZp%2FuhVWf5tMOyu5R2EADu7cCZ0WUVki29GMEtFbGdXzUQvs8GHq%2Bj7OvUNvyviyxeoI3z%2BL14z9v%2Fx%2BL9Zw%2FKomfPkeQJBZpaSibDcZQLM0EdLuJh13gFOuABI1Cabywr1zQ3TaGfkdsxOv%2Bp53WSiPdT4Ks2DksY6LWLDtrBrSaU9qNqKx0Qc11MwuBOlFm2qRqqkmRjzDmmzADhw5%2BZ3vjpm%2Bq%2FrhMe0y5kweURIyIDf9TYDOC4LzgCehLsur5EDdQMtBVPbarwNdjwKk%2B1HGsLEIejSII1LcLT3s8M%2BmFbDf4gHI5rSMJU1BWcIOg&nvMid=29030294586&catId=50000248
Apple 아이폰 13 mini 자급제 128GB 핑크,"931,000원",https://cr.shopping.naver.com/adcr.nhn?x=haWhpRVyMgzPOmpeshjOVf%2F%2F%2Fw%3D%3DsyCFKM6QfgyXgKeK49eP0Zfas9RBFZgwXtHoD%2FW3kiyQbsBKbbjTB%2BBCjsLv6tz%2Bji5IEGBkPi9DUGA4P65tlX0RBJvdMSJ%2Fh3kbf0xouSDShP3UidTRA1PkYl0S2pQWP0MUlx9wWvaMUQdfkxyncrnULJJH%2BMKqMyaVu%2BUeO3m60%2B85WmSKK5LY2dJjcChMGEH%2BAaYhDPzU3ewm5W9RQFW6fYR0xxmeS9OV5z6rweK7Wbwu4fPDq07HeqWU9dqPIaApI9O6nQ7EgCHyeK9HJ3xPEquO43iNDZahJ%2Bn7TiUm0uZz%2FvLz1j30gcH7vHUZ1rCQZWlAPBI9dwEx0FKf%2BjSIDr6LbloAkcr1SdB4so2%2Bk6v2w9jBqMGR4TTsgYaQnlII%2ByYYqWVu3SSXxcjEJdL4M%2FDpIriLmX8rSY3oIOXZAW7ixYLpcsqjM1QROR6OxYYyQomAOCRwvaXv4BU13v1T%2BViQ%2BcdVNyIKDHzkS7v9lHbYDqngaR0HlMSHta7qs%2F5kbqAgJTcAaa4G%2FpUDfUhE4Txv5SWPsJAmCiTWzURHsK8ocxwEDTstbF7oEGU%2BkdTMfBRHHl%2BACi0MHpr%2BIH8vY8zfSS%2FdZcPFte7Ix%2BUyDrgClekVxtSLNN1yS74gX0ciHFnKoorAInR6IWNzoEk1i519hb9eoqw35enRVPOvhYF0iOlmP67%2FIt8MH9OtOBq7h9PA5SrIXrcWPClBGWw%3D%3D&nvMid=29619937553&catId=50001519
아이폰 13 미니 256GB 자급제 미개봉 새상품,"840,570원",https://cr.shopping.naver.com/adcr.nhn?x=na21ejd%2BBCcRpOl8oiJZo%2F%2F%2F%2Fw%3D%3DsxC5mwBz%2BihRrTQCJdb3qh7Su6zHNbsfqMNurV1MBRzJhJz9H0Ub4KLvuVTVtNMxMygN6JzOHIOXwc0BdPgkqPIBFeaXvpBPYVsV18L3NyGhkfQrWkZ4Imf2U1hZMkxkTuWiDjPpMa%2FnIuR5%2FNgaGme0JZ4vKXq2xVuFay0gNbwiO%2FsdgQE5FIA0Tw1QMogpFu4QUlnobsLIdcYN2hwfCQCuFn0HAyR5%2F7h3LPypVtD50E2OG7OIgWuhKMelW2OJxHPM431pMz92jYjbP3K3YCQez%2FY8eSma9aMvarLWce5snFG3FcrGCYdIbOuMD3pjpXnjehLwuwxumLTNaxw846th70KxtauexuiiD73hEv8iCBvOEM5y0MFGQvqTmuJtyGxg%2BdfWuRweeQquoN3StHGm%2BWZ%2B%2FebxNDvJ%2BgQ6CNCJ3oT7NTgzBdpro0sW0MCEwYN6OBnzAKPVDjvTMM9DGxtzFrL1%2B4NNxNnoULjqszzn6VM5g9sATyy9wI3k5Qsi6mw6nJF2Gd5KAoFU9KY7P0GU3N0kWCShHUw4vdlvoRYU8yhCe5pOUfStzj9q0Vg8MXwDlq36wl3g%2FS1e9uRlzbldznR4EhPC6BI08fc6TT2xWkbDrUFJ2hBG8QaB8WVzn&nvMid=30313661098&catId=50001519
애플 아이폰13 미니 128GB 자급제 미개봉 새상품,"694,510원",https://cr.shopping.naver.com/adcr.nhn?x=1Wt24Yj6vvHDHbjzCofA2f%2F%2F%2Fw%3D%3Ds9T519rOv6XOYWtq0WciwTALk5etMOQgfMtavB1ea%2Bz1hJz9H0Ub4KLvuVTVtNMxMbPROo0XGlE%2FZLGyiwAZYqYBFeaXvpBPYVsV18L3NyGhkfQrWkZ4Imf2U1hZMkxkT2pVgEgD3CcG7GJ%2BgRaqHz%2Fu6oAkTGETHMs8EuiNceQuHU4p%2F5%2BXMl6jhyRZ70JUCfoHrwwWzqUZC32tmweF4VBEHkr5Aqv4vTR7PbdTo5kwJyPDTercHXTuykr3OwYZUywzmTmRvGD%2FgZYTjyHvRo3rTXr7Kn13ziv%2BL7HuG0pJthTvU%2F05au0wXf8ba3f3anUlauF9M%2BuI263UUEP%2BDOzpV3u7D%2FBe29t5k6l0iKO7Bz7%2BORHa%2BX777%2F5U82WuFDRWc3jkDoiJJf2JRlt%2FPJbbtpe%2FIhtgVL3IeWbye7VwpqKrfV6tsuZtspPK5aGrUsVRAarXAy9mcuCPXwB8uyzPHCBgFURViUCMie%2FzWy8WrBsr40uOCEKhwZbijibmwuEkBRVbaLTmu1ljtb6R%2FdyWbPDpYgYeFx2ZNfjx1di%2BmmM5CzAa8Zjnf8rbkkOsXO6UFcwbtZVQ00Y%2BzHnrvl4%2BYZjimte2eqXXAG3sH5wIIRJJPAVEMFp2EGvTz1hECLoIg4eUvJ%2Fu0XNDHjbs4Hc8fx9jj241SY8scdijBhXyMhVHIYeRnGPEyvhkRXAmq5Hv1T%2FoDPeAT2ZD%2BWCfnsQ%3D%3D&nvMid=32439488144&catId=50001519
[대여] 아이폰렌탈 최신 iphone13 임대 - 30일,"82,000원",https://cr.shopping.naver.com/adcr.nhn?x=eRjkJlyzef1gR6T5Qwupkv%2F%2F%2Fw%3D%3DsUzmZPl904MoxlGpprTqGlwfJTITMTI3MFUDjv3y%2FMgVhJz9H0Ub4KLvuVTVtNMxMBjYdVyGOkuXGap9vVajRn4BFeaXvpBPYVsV18L3NyGhkfQrWkZ4Imf2U1hZMkxkT2pVgEgD3CcG7GJ%2BgRaqHzzaSZny%2B1MgSfJG5ocTRQNj1rIvubP2%2F%2BNF2sTRY2hEVDhxGLS8BksFfJpvTsK3ncIfbTMxZHmQJ0hVOaoUSpJLffisv5tHfoGFh7RH%2BtSaOAFJNLWxG%2Fj2gEfGb7GroeFOdUcWdY%2BldGk5eyjhf8hfumSzc4TWnUnJAdcCTZrDs6nYt0P5vFdgOY0ddt5wMGU65LRe1uQqZiw8vrEDN36iJBjuTJtmMTHOC4YPejKZVmKkA1a8ox%2BAcExZqfgRbbJt37bOhMjtd40eecZJpibq88n%2BgMyVg5XMEm7cR1mbx%2BYE4W6fKXlpkq0DKFWiSqDYDsL81%2BuNxp3q3fYFRsxk2Q6dFcNc1HtNSdWPPyQRXkAlOKwPahCEyYd9E%2BlamjisziW3zpWxJT5BQ6jEm6aqwx%2F1RR3eVMYu69NMgoWUvJRVZKEanBoZv12Jl2C8%2FtYKoDr6us%2BRKRCOTdsWr9TI%3D&nvMid=84117362445&catId=50001519
Apple 아이폰 13 자급제 핑크 256GB,"1,193,100원",https://cr.shopping.naver.com/adcr.nhn?x=srjFCXJUxQyjCoIqZINnkv%2F%2F%2Fw%3D%3DsIIPAqu84jtxtSGbW%2BvcaPuS%2BpXv5AFLDstuPeWk3ogVWQE1WikGGRjsm7ORTamZ7sdfUjPCSEyAnqDalanayLHxlc4%2B7q8TGh%2BvvPhdjNmE0BaOOAL8VrCemzObnzzLI6x5NHgUjv%2F%2Ba%2FE7ZIpwcPHzmYN%2Fcvl75AGnByk2TjWEm5OY6%2FBA05LWPXaqTF3xXnI3Q%2FuFm111yFJnQ1iq5B6N13Zjdmb96RUIYIswoTaji1ShxDj3lM6ehtxvMu3DzExOk0U6EhFckr7RG4jb7DtYUTWswlfAT44CnuoiBFRbE4gyrpHwtgWtEy5GoTLqkmFmujc1dM9L88A3MJLF7QRzzON9aTM%2Fdo2I2z9yt2AkHs%2F2PHkpmvWjL2qy1nHubj%2FBqwzcq12TkHt5lyBZaAgjElGuNyUHmaNn2hC5PP5zHvY%2FUzN94OzIr5wG3PfiAHZEE0UDavlLBiK92lXiUK3nqWYh6pZQ5IUXNUKIAjO8U0KYvN65q1ZzViC%2BZXQ3UNsPlBNW%2BkFKGVcBGMqSa9hhC2m8cFPyaJJCNgyAFiKo8KWTArnkIO8iyQeudTkBmyVT8XaU%2BVGKGwveHKPZtCJuLnjExlTSo4h2gp0P3qWIaIbT4wPT2RVq4kndhIVrUEd2snAZcgjT0mAUoFQ%2B%2BPOoX4vewxfDNjJqtBwp6jTqFbDf4gHI5rSMJU1BWcIOg&nvMid=29064755783&catId=50001519
아이폰 Apple 아이폰13 미니 128GB 기기값 24만원,"246,000원",https://cr.shopping.naver.com/adcr.nhn?x=LfCh2tcZJvaBcd7i54uP9P%2F%2F%2Fw%3D%3Ds7HomQqAc4vR%2B3hs7CPF8YMuhqLfP6tIJVzFYkvuH7WsbsBKbbjTB%2BBCjsLv6tz%2BjP0R%2FGCBuYD%2FfapvuplCvOKS8MtGSzrHNusRF1TD2awKhP3UidTRA1PkYl0S2pQWPAjMfneIdbjCtI7iqIlpaUsm3HByBnqyoQudlQvAroBzp33dwRCAzI0IZ9nyD5tkE9Z0ohABIGWTnPESfCqaNS8r%2BOMsuOJy9Tea6ZrAhHuP81oreaUnb%2Fne48ozcNJQ%2Bw6ZjbtkbN7RD61dGUzg7G1qsmhWtsS26cBgiQoajA6rieN6s0jIj2O8QfuwyrBJzh8Vw4DHr2UfbgssSHHVHEL1%2FNmOSJbPXC3gQ7tS8mQfLdPYhQRE%2BHvW5dtr3qYnKFCJLeTNMiIpdd72TMnUFR%2FLgohTox2YcKYwSgTiYdjQxnxE623vf3bJ3JQYDVdZQnR3iKUJzK0tIhWVxc%2B83kvhwqXS%2FRhFMe90UlD48P2Xv%2FPxfq473STZ59rNrILV%2F5%2Bk5WWhU5xeWSxok7Dww42U3N0kWCShHUw4vdlvoRYXkIk%2FGDnlgXLszaeNmgbGPcK%2B90lXJA%2BSI1A1NEuPUkldznR4EhPC6BI08fc6TT2xWkbDrUFJ2hBG8QaB8WVzn&nvMid=29860284145&catId=50001519
해외아이폰 13 Pro ProMax 미국직구 정품 무음 카메라 관부가세 포함,"1,510,000원",https://cr.shopping.naver.com/adcr.nhn?x=0Q8YoRNRRTsItfjz%2FP07Ev%2F%2F%2Fw%3D%3Dsw%2F%2FqWg9G59CM%2ButstrpKJ%2BXn6ghrvlKBXsROcR%2F8MuVhJz9H0Ub4KLvuVTVtNMxMY0chO0rwdgR%2BwaTbWGxmn4BFeaXvpBPYVsV18L3NyGhkfQrWkZ4Imf2U1hZMkxkT2pVgEgD3CcG7GJ%2BgRaqHzzaSZny%2B1MgSfJG5ocTRQNj1rIvubP2%2F%2BNF2sTRY2hEVBBuMgWOSIK01yXGGRkNwxofbTMxZHmQJ0hVOaoUSpJLffisv5tHfoGFh7RH%2BtSaOAFJNLWxG%2Fj2gEfGb7GroeIrbBJbeJYlNX9J69pimX2N9d9892ULNT3IdMM7rssexV36ogsAbT2GMBHUreotiQI5sRpOHtiEkPaKEPzt45T4RZTBGFKWi463nRc%2FX%2BrflUV9gBCa2YTD9Okll99p36dEFnFC7yRCgfc%2BEOPGI5%2BsNYNPoaOn5tGBZ27Tu%2FvgG3qO02bGEFnYma4J0zSwN9CTKXolpl7N292AhuWAcWpb45o8Zs6ydU7pdpnhvEvXontvcNyWPkzuFvXi%2BBryJB2MNFjH0KI8T6MVT7cz3BHaAZky93%2FOe7DnbBvkdkXzc7aHONDOFx5d8tZ9iFgC2aqDg9dFnAS7DKIIDKCtVuiI%2BbZXZYuPSgt%2B%2B1dICr2M%2BDVCYCaeglF2rgr1u2OQIzQ%3D%3D&nvMid=83251553577&catId=50001519
아이폰 13 256GB 자급제 미개봉 새상품,"957,440원",https://cr.shopping.naver.com/adcr.nhn?x=g%2BKk%2F8N84aX6ZGHuaRJKh%2F%2F%2F%2Fw%3D%3DsFeJiQ5%2FTRCzuU6XKNTr7XkMYcT9t4UPNoReKN0S%2Bba1WQE1WikGGRjsm7ORTamZ7fgkCvrvpU%2Bgwi%2FKxgjAD2nxlc4%2B7q8TGh%2BvvPhdjNmE0BaOOAL8VrCemzObnzzLIp4UJiJcmL6Pk1ojsXUdb%2BbD9cbDzdvBhYP28y8rhu4mr9N9rARz1GwL8SD%2B61y0r%2BO7gQZ52w8TeB7l05ndzDuZN6n7Cf4EWx0k%2BSSrennZhbyedgsR%2B4BDKEykk7n3i%2FOIq6qLqW%2BXB7aAhUB%2FZQCVdN3LpKf%2FbKuiZi7z1XJRDoCLI8aCbnjs0B3IlPmIw4yhlxrmFtyoQ%2Fm85VOMqxyvfCmiGWuFQRNFecKmBkk7lJk7zsBddM0Pavrc0fO7RjB5%2BwQwTWqlzZqCmwHkzL%2FwjrA1CzM4ckt7XDaclKujyq25qqB3ho%2BfVYkE7O0Jk%2FAP0WoEI2cyswkBNX8nKFl2e%2BiiWQpU2i6IrG8WK0hDlMDv3anxFOUh1ejQcSxnwAsFtOJcblT%2BCqTRkHqVOI2qWbfakkRFgpJQb03GTFf1okSfShqbLIebhUbAeeMAOQQP3Q7lFqqNgVsrsUUA%2F90HQIiXcF4qwUXZ2sX76wW8%3D&nvMid=30313707748&catId=50001519
애플 아이폰13 프로 맥스 256G 자급제 미개봉 새상품,"1,363,290원",https://cr.shopping.naver.com/adcr.nhn?x=XzMAUj5MPNZBU21lPNA26%2F%2F%2F%2Fw%3D%3DsWwI3U9%2FRII2MKXKfYj3pLA2OW3fVAiA%2FKDJpJxz69IQbsBKbbjTB%2BBCjsLv6tz%2Bj46ZJ7sdYilIfo4veZboti1TwvRBHHK05etr8SlecKDehP3UidTRA1PkYl0S2pQWP0MUlx9wWvaMUQdfkxyncrsmCS8YqD3IEJhWUPeYSnGEnxTl42dGCYBR9DMfmEMwE%2FHiUCX7KMZDVwV7n4AdKrVvibQgDIhf0IivNrLdvNvuxvHOihWtYyacD5ewUo2dm536AAHD%2FaCjs0HXPjfSeOiiNMdu%2FDZwp%2Fv96WTM%2FWqDGsCEAaB0bUuA7guzNM7s6ODff%2BQnE6T0HfxMPowrs2gC8AIgonGMbjbXgoYtNZ3Br6kdrp7BvT8OlwZ7P37YyZp%2FuhVWf5tMOyu5R2EADu%2BWBKEj06W9dI1SXMzEmHgCEK2NvEM%2FWRC3BknrwO3ABYYyQomAOCRwvaXv4BU13v6WuBqQjKHcy60K5cUAKzKz3jZy8j83hl%2FBESvnOERYxb7Jt0nmOjdaPmX88zpnowtL2yaoxAGlqznjSfaC69Rk1rH5PNul70eW3OetWE8xu%2FAP0WoEI2cyswkBNX8nKFl2e%2BiiWQpU2i6IrG8WK0hDNt%2BftdIU1UunXWqfBNJetG8NBLUNfCjVuUb2bA94uT4YC%2FbED3GC5WQIkmmh93e6nMAJtUm44jIuBAuNwkVTr1CnWbiJZ9CnLa80CAoLPTg4SwcLvxUEucVmH%2BcOht40%3D&nvMid=32485983058&catId=50001519
애플 아이폰13 Pro 5G 256GB 자급제 공기계 (옵션에서 색상 선택) -iPM,"1,375,110원",https://cr.shopping.naver.com/adcr.nhn?x=JaikJ94hQTdyVVn%2F%2FoG4av%2F%2F%2Fw%3D%3Ds4E5sKmfxDEgIVJeoVEr0bQhnRJa4sviw2xyvmXp%2F%2B5NhJz9H0Ub4KLvuVTVtNMxMFX0m8AXFjJJy8%2BsU0dqXXoBFeaXvpBPYVsV18L3NyGhkfQrWkZ4Imf2U1hZMkxkT2pVgEgD3CcG7GJ%2BgRaqHz7DXn0IDLBCgN%2FK3%2BGwmqM%2BpFjjh%2FGPU%2BK9K7OXF%2BaHk0eX6N0xSuoVW6n8HgFyAb%2BMJ%2BFF0VscpnR2R89aw6o9VfCT1zgmGuHJMvqDb1R6PsPySvN0LIvr4qrP0A9z9JBzzON9aTM%2Fdo2I2z9yt2AkHs%2F2PHkpmvWjL2qy1nHubzslM0pHbNMuZHFNnXbx7mZy8gUg8uNrhd%2BkBXzmUZ4vHvY%2FUzN94OzIr5wG3PfiA5v2C%2FhBBY2gtwFJLNAUN4Cz5Q17tobSg570ezRWE3iGKqlKvy042cgqEN3oNYZa7Cn%2Fyh7wuL4hrQvlfna%2FvgAc7C2neIVvnYYy%2FzwuQye2C1ve27eO3ZQybHP8y9mwh3%2FeAguacfSappA7K8XvuElvuY1JpVk%2Fzw8GylhvFOSfCBC2CnrgLrHgWdpogbr%2Fbl3zMunoPje%2Be3a%2FTxnn%2FUuYQsU7TtARBhTKL6TvT1FNbOwu0CR4Usw%2BgipjJ8RGp%2FG%2FV3NEdCOiisf3nUkbig29TZjqEQTAbFzUBl8432wvhVEAf6wwM5tqtSh0bB5Hx&nvMid=32599159491&catId=50001519
Apple 아이폰 13 자급제 미드나이트 128GB,"1,001,150원",https://cr.shopping.naver.com/adcr.nhn?x=%2BEvNK2ve0Vn860ZplcavKf%2F%2F%2Fw%3D%3Dssqvb36x%2Fr%2FR44GtDyE%2BVMAa9VM0lWRCt5rqYCUVwLL9hJz9H0Ub4KLvuVTVtNMxMgyJ%2BJ0fKVZB3f1lkaC3JCYBFeaXvpBPYVsV18L3NyGhkfQrWkZ4Imf2U1hZMkxkT2pVgEgD3CcG7GJ%2BgRaqHz23JzeXxkSdTecfUR4%2FvRQjd%2BKwjnmE8nmku4yNhWgwhmfLAARyRl0caaiEG3Q2bq6UsrdZNxDQb%2BDPWNOX6jNgs%2BnXGkM%2FXvsmAB4CtvjzKa3nkW%2Fl241cHVWjR3Y%2B4McINeDMT5atHpnw1ICoZLZmiublBLPqjBpyMr35wpQywuOJcT4IaFKVLWAocyWx7QlUF5Oj0SnuHDpP2S4dDY9QQhkkHXK4%2FmSRy5icYE%2F27%2FhDyiXZ86Jo%2BZEQ64BV62UNMbKb1hlNCge4MH3%2FTh6Hf5TRm4ebkeqR55xTMCpWjS6nKoqtur6iGShqz9U6FbimLX%2FX6s2jfKKIeM0Ai%2BYucED4m3eDgP3evEaHPdaQEKARYJy8Ro5v0GBu8pg%2FYAlm2xLgXvjk2FQ47VxSx%2FhqPwy0XT40JUJkHCdBoFZmEC%2Bp633m53JCQqoKkv9VJyK3CPGXPkFMRjW4F8%2BKTlWy8J%2BWv5r9jf7UbiYpuGePOKhHI2C71zfd%2FdrGmQaj3bMo6UChc5DhFp4YR3H0hGCKD93HUE2yRWuk3QifhtRIMHRyPBWbUFRhWScTsgQynPg%3D%3D&nvMid=29056433547&catId=50001519
애플 아이폰 13 미니 자급제 128GB 핑크 MLK23KH/A,"945,000원",https://cr.shopping.naver.com/adcr.nhn?x=EsM9ki0OY4wUdfCh%2FbnnOv%2F%2F%2Fw%3D%3DslbxpyfJfbDPYfnr%2BYDaAGmTfqpDn%2FgHixAzijOHpwLxhJz9H0Ub4KLvuVTVtNMxM64hSTQU07P9%2BpS6Ibqek%2BIBFeaXvpBPYVsV18L3NyGhkfQrWkZ4Imf2U1hZMkxkT2pVgEgD3CcG7GJ%2BgRaqHz%2Fu6oAkTGETHMs8EuiNceQvlfoZh2hIS82uJEUWTv4oRLN%2FTnRBdMXKfbAn6IwIE3OkSVcPscZKdxgZhSPlhYTymcEa5kDH1JyJJEeSVV9sgywzmTmRvGD%2FgZYTjyHvRo3rTXr7Kn13ziv%2BL7HuG0pJthTvU%2F05au0wXf8ba3f3anUlauF9M%2BuI263UUEP%2BDOzpV3u7D%2FBe29t5k6l0iKO7Bz7%2BORHa%2BX777%2F5U82WuFDUHVss68%2F%2BP6JV7OwEL%2Bjg%2F5TLoMvziVZVGyVUcFZacpqKrfV6tsuZtspPK5aGrUS6nKoqtur6iGShqz9U6FbuqZxiUPzXWUuj4K%2FRG3MTirBsr40uOCEKhwZbijibmwPzBCY4AqQ%2FQeGLKVJrr5KPEKMMUT074kJ8q72SDCoyDceUxamjX3P3HI3Zf0HLDI8fZZGY56l%2FN1sqKC%2BG0oGssB94KfbWtD5Ky%2Bk8DermjP4tKTI7iNHtpRVP6W5zkay9O26Di8KMS%2BiGo7JDPn2d1yihn%2BO%2B4mIwFlmzm8%2BY3l45rV9Lk709uPBh6CvvwtzY6of2Xpggjm6A4Z8HgJhg%3D%3D&nvMid=29881253592&catId=50001519
